{"v":"4.8.0","meta":{"g":"LottieFiles AE ","a":"","k":"","d":"","tc":""},"fr":60,"ip":0,"op":120,"w":200,"h":200,"nm":"leaderboard","ddd":0,"assets":[],"layers":[{"ddd":0,"ind":1,"ty":4,"nm":"Shape Layer 1","sr":1,"ks":{"o":{"a":0,"k":100,"ix":11},"r":{"a":0,"k":0,"ix":10},"p":{"a":0,"k":[100,100,0],"ix":2},"a":{"a":0,"k":[0,0,0],"ix":1},"s":{"a":0,"k":[100,100,100],"ix":6}},"ao":0,"shapes":[],"ip":0,"op":120,"st":0,"bm":0},{"ddd":0,"ind":2,"ty":4,"nm":"leaderboard-star Outlines","sr":1,"ks":{"o":{"a":0,"k":100,"ix":11},"r":{"a":0,"k":0,"ix":10},"p":{"a":1,"k":[{"i":{"x":0.667,"y":1},"o":{"x":0.679,"y":0},"t":25.062,"s":[100,86.414,0],"to":[0,-5,0],"ti":[0,3.75,0]},{"i":{"x":0.096,"y":1},"o":{"x":0.167,"y":0},"t":45.57,"s":[100,56.414,0],"to":[0,-3.75,0],"ti":[0,-0.833,0]},{"i":{"x":0.096,"y":1},"o":{"x":0.167,"y":0},"t":48.607,"s":[100,63.914,0],"to":[0,0.833,0],"ti":[0,0.417,0]},{"i":{"x":1,"y":1},"o":{"x":0.167,"y":0.167},"t":50.127,"s":[100,61.414,0],"to":[0,0,0],"ti":[0,0,0]},{"i":{"x":0.668,"y":1},"o":{"x":0.413,"y":0},"t":60,"s":[100,61.414,0],"to":[0,0.833,0],"ti":[0,0,0]},{"i":{"x":0.459,"y":1},"o":{"x":0.323,"y":0},"t":91.396,"s":[100,66.414,0],"to":[0,0,0],"ti":[0,0.833,0]},{"t":120,"s":[100,61.414,0]}],"ix":2},"a":{"a":0,"k":[19.431,18.493,0],"ix":1},"s":{"a":1,"k":[{"i":{"x":[0.667,0.667,0.667],"y":[1,1,1]},"o":{"x":[0.648,0.648,0.333],"y":[0,0,0]},"t":30.379,"s":[0,0,100]},{"t":43.291015625,"s":[100,100,100]}],"ix":6}},"ao":0,"shapes":[{"ty":"gr","it":[{"ind":0,"ty":"sh","ix":1,"ks":{"a":0,"k":{"i":[[-1.084,-2.196],[0,0],[-0.962,-0.14],[0,0],[1.753,-1.709],[0,0],[-0.165,-0.958],[0,0],[2.167,1.139],[0,0],[0.861,-0.453],[0,0],[-0.414,2.413],[0,0],[0.696,0.678],[0,0],[-2.423,0.352],[0,0],[-0.43,0.872],[0,0]],"o":[[0,0],[0.43,0.872],[0,0],[2.423,0.352],[0,0],[-0.696,0.678],[0,0],[0.414,2.413],[0,0],[-0.861,-0.453],[0,0],[-2.167,1.139],[0,0],[0.165,-0.958],[0,0],[-1.753,-1.709],[0,0],[0.962,-0.14],[0,0],[1.084,-2.196]],"v":[[2.649,-16.047],[6.023,-9.21],[8.247,-7.594],[15.791,-6.499],[17.428,-1.46],[11.969,3.862],[11.12,6.475],[12.408,13.99],[8.122,17.104],[1.375,13.557],[-1.375,13.557],[-8.122,17.104],[-12.408,13.99],[-11.12,6.475],[-11.969,3.862],[-17.428,-1.46],[-15.791,-6.499],[-8.247,-7.594],[-6.023,-9.21],[-2.649,-16.047]],"c":true},"ix":2},"nm":"Path 1","mn":"ADBE Vector Shape - Group","hd":false},{"ty":"fl","c":{"a":0,"k":[1,1,1,1],"ix":4},"o":{"a":0,"k":100,"ix":5},"r":1,"bm":0,"nm":"Fill 1","mn":"ADBE Vector Graphic - Fill","hd":false},{"ty":"tr","p":{"a":0,"k":[19.431,18.493],"ix":2},"a":{"a":0,"k":[0,0],"ix":1},"s":{"a":0,"k":[100,100],"ix":3},"r":{"a":0,"k":0,"ix":6},"o":{"a":0,"k":100,"ix":7},"sk":{"a":0,"k":0,"ix":4},"sa":{"a":0,"k":0,"ix":5},"nm":"Transform"}],"nm":"Group 1","np":2,"cix":2,"bm":0,"ix":1,"mn":"ADBE Vector Group","hd":false}],"ip":33,"op":121,"st":33,"bm":0},{"ddd":0,"ind":3,"ty":4,"nm":"leaderboard-bottom Outlines","sr":1,"ks":{"o":{"a":0,"k":100,"ix":11},"r":{"a":0,"k":0,"ix":10},"p":{"a":0,"k":[100,144.5,0],"ix":2},"a":{"a":0,"k":[51.75,8.75,0],"ix":1},"s":{"a":1,"k":[{"i":{"x":[0.833,0.833,0.833],"y":[0.833,0.833,0.833]},"o":{"x":[0.167,0.167,0.167],"y":[0.167,0.167,0.167]},"t":0,"s":[0,0,100]},{"t":6.076171875,"s":[100,100,100]}],"ix":6}},"ao":0,"shapes":[{"ty":"gr","it":[{"ind":0,"ty":"sh","ix":1,"ks":{"a":1,"k":[{"i":{"x":0.44,"y":1},"o":{"x":0.783,"y":0},"t":0,"s":[{"i":[[4.694,0],[0,0],[0,4.694],[-4.694,0],[0,0],[0,-4.694]],"o":[[0,0],[-4.694,0],[0,-4.694],[0,0],[4.694,0],[0,4.694]],"v":[[1,8.5],[-0.625,8.5],[-9.125,0],[-0.625,-8.5],[1,-8.5],[9.5,0]],"c":true}]},{"t":15.94921875,"s":[{"i":[[4.694,0],[0,0],[0,4.694],[-4.694,0],[0,0],[0,-4.694]],"o":[[0,0],[-4.694,0],[0,-4.694],[0,0],[4.694,0],[0,4.694]],"v":[[43,8.5],[-43,8.5],[-51.5,0],[-43,-8.5],[43,-8.5],[51.5,0]],"c":true}]}],"ix":2},"nm":"Path 1","mn":"ADBE Vector Shape - Group","hd":false},{"ty":"fl","c":{"a":0,"k":[1,1,1,1],"ix":4},"o":{"a":0,"k":100,"ix":5},"r":1,"bm":0,"nm":"Fill 1","mn":"ADBE Vector Graphic - Fill","hd":false},{"ty":"tr","p":{"a":0,"k":[51.75,8.75],"ix":2},"a":{"a":0,"k":[0,0],"ix":1},"s":{"a":0,"k":[100,100],"ix":3},"r":{"a":0,"k":0,"ix":6},"o":{"a":0,"k":100,"ix":7},"sk":{"a":0,"k":0,"ix":4},"sa":{"a":0,"k":0,"ix":5},"nm":"Transform"}],"nm":"Group 1","np":2,"cix":2,"bm":0,"ix":1,"mn":"ADBE Vector Group","hd":false}],"ip":0,"op":121,"st":0,"bm":0},{"ddd":0,"ind":4,"ty":4,"nm":"leaderboard-step-M Outlines","sr":1,"ks":{"o":{"a":0,"k":100,"ix":11},"r":{"a":0,"k":0,"ix":10},"p":{"a":0,"k":[100,110.5,0],"ix":2},"a":{"a":0,"k":[16.25,23.75,0],"ix":1},"s":{"a":0,"k":[100,100,100],"ix":6}},"ao":0,"shapes":[{"ty":"gr","it":[{"ind":0,"ty":"sh","ix":1,"ks":{"a":1,"k":[{"i":{"x":0.474,"y":1},"o":{"x":0.14,"y":0},"t":10,"s":[{"i":[[2.994,0],[0,0],[0,2.994],[0,0],[-2.994,0],[0,0],[0,-2.994],[0,0]],"o":[[0,0],[-2.994,0],[0,0],[0,-2.994],[0,0],[2.994,0],[0,0],[0,2.994]],"v":[[6.83,23.5],[-8.079,23.5],[-13.5,18.079],[-13.5,17.53],[-8.079,12.109],[6.83,12.109],[12.25,17.53],[12.25,18.079]],"c":true}]},{"i":{"x":0.474,"y":1},"o":{"x":0.333,"y":0},"t":34,"s":[{"i":[[2.994,0],[0,0],[0,2.994],[0,0],[-2.994,0],[0,0],[0,-2.994],[0,0]],"o":[[0,0],[-2.994,0],[0,0],[0,-2.994],[0,0],[2.994,0],[0,0],[0,2.994]],"v":[[6.83,23.5],[-8.079,23.5],[-13.5,18.079],[-13.5,-18.079],[-8.079,-23.5],[6.83,-23.5],[12.25,-18.079],[12.25,18.079]],"c":true}]},{"i":{"x":0.833,"y":0.761},"o":{"x":0.333,"y":0},"t":60,"s":[{"i":[[2.994,0],[0,0],[0,2.994],[0,0],[-2.994,0],[0,0],[0,-2.994],[0,0]],"o":[[0,0],[-2.994,0],[0,0],[0,-2.994],[0,0],[2.994,0],[0,0],[0,2.994]],"v":[[6.83,23.5],[-8.079,23.5],[-13.5,18.079],[-13.5,-18.079],[-8.079,-23.5],[6.83,-23.5],[12.25,-18.079],[12.25,18.079]],"c":true}]},{"i":{"x":0.474,"y":1},"o":{"x":0.167,"y":0.239},"t":85,"s":[{"i":[[2.994,0],[0,0],[0,2.994],[0,0],[-2.994,0],[0,0],[0,-2.994],[0,0]],"o":[[0,0],[-2.994,0],[0,0],[0,-2.994],[0,0],[2.994,0],[0,0],[0,2.994]],"v":[[6.83,23.5],[-8.079,23.5],[-13.5,18.079],[-13.5,-3.548],[-8.079,-8.969],[6.83,-8.969],[12.25,-3.548],[12.25,18.079]],"c":true}]},{"t":119,"s":[{"i":[[2.994,0],[0,0],[0,2.994],[0,0],[-2.994,0],[0,0],[0,-2.994],[0,0]],"o":[[0,0],[-2.994,0],[0,0],[0,-2.994],[0,0],[2.994,0],[0,0],[0,2.994]],"v":[[6.83,23.5],[-8.079,23.5],[-13.5,18.079],[-13.5,-18.079],[-8.079,-23.5],[6.83,-23.5],[12.25,-18.079],[12.25,18.079]],"c":true}]}],"ix":2},"nm":"Path 1","mn":"ADBE Vector Shape - Group","hd":false},{"ty":"fl","c":{"a":0,"k":[1,1,1,1],"ix":4},"o":{"a":0,"k":100,"ix":5},"r":1,"bm":0,"nm":"Fill 1","mn":"ADBE Vector Graphic - Fill","hd":false},{"ty":"tr","p":{"a":0,"k":[16.25,23.75],"ix":2},"a":{"a":0,"k":[0,0],"ix":1},"s":{"a":0,"k":[100,100],"ix":3},"r":{"a":0,"k":0,"ix":6},"o":{"a":0,"k":100,"ix":7},"sk":{"a":0,"k":0,"ix":4},"sa":{"a":0,"k":0,"ix":5},"nm":"Transform"}],"nm":"Group 1","np":2,"cix":2,"bm":0,"ix":1,"mn":"ADBE Vector Group","hd":false}],"ip":10,"op":121,"st":13,"bm":0},{"ddd":0,"ind":5,"ty":4,"nm":"leaderboard-step-R Outlines","sr":1,"ks":{"o":{"a":0,"k":100,"ix":11},"r":{"a":0,"k":0,"ix":10},"p":{"a":0,"k":[125.999,116,0],"ix":2},"a":{"a":0,"k":[16.25,18.25,0],"ix":1},"s":{"a":0,"k":[100,100,100],"ix":6}},"ao":0,"shapes":[{"ty":"gr","it":[{"ind":0,"ty":"sh","ix":1,"ks":{"a":1,"k":[{"i":{"x":0,"y":1},"o":{"x":0.333,"y":0},"t":24,"s":[{"i":[[2.994,0],[0,0],[0,2.994],[0,0],[-2.994,0],[0,0],[0,-2.994],[0,0]],"o":[[0,0],[-2.994,0],[0,0],[0,-2.994],[0,0],[2.994,0],[0,0],[0,2.994]],"v":[[10.58,18],[-5.579,18],[-11,12.579],[-11,12.421],[-5.579,7],[10.58,7],[16,12.421],[16,12.579]],"c":true}]},{"i":{"x":0,"y":1},"o":{"x":0.333,"y":0},"t":47,"s":[{"i":[[2.994,0],[0,0],[0,2.994],[0,0],[-2.994,0],[0,0],[0,-2.994],[0,0]],"o":[[0,0],[-2.994,0],[0,0],[0,-2.994],[0,0],[2.994,0],[0,0],[0,2.994]],"v":[[10.58,18],[-5.579,18],[-11,12.579],[-11,-12.579],[-5.579,-18],[10.58,-18],[16,-12.579],[16,12.579]],"c":true}]},{"i":{"x":0.833,"y":0.761},"o":{"x":0.333,"y":0},"t":60,"s":[{"i":[[2.994,0],[0,0],[0,2.994],[0,0],[-2.994,0],[0,0],[0,-2.994],[0,0]],"o":[[0,0],[-2.994,0],[0,0],[0,-2.994],[0,0],[2.994,0],[0,0],[0,2.994]],"v":[[10.58,18],[-5.579,18],[-11,12.579],[-11,-12.579],[-5.579,-18],[10.58,-18],[16,-12.579],[16,12.579]],"c":true}]},{"i":{"x":0,"y":1},"o":{"x":0.167,"y":0.239},"t":98,"s":[{"i":[[2.994,0],[0,0],[0,2.994],[0,0],[-2.994,0],[0,0],[0,-2.994],[0,0]],"o":[[0,0],[-2.994,0],[0,0],[0,-2.994],[0,0],[2.994,0],[0,0],[0,2.994]],"v":[[10.58,18],[-5.579,18],[-11,12.579],[-11,-0.391],[-5.579,-5.812],[10.58,-5.812],[16,-0.391],[16,12.579]],"c":true}]},{"t":119,"s":[{"i":[[2.994,0],[0,0],[0,2.994],[0,0],[-2.994,0],[0,0],[0,-2.994],[0,0]],"o":[[0,0],[-2.994,0],[0,0],[0,-2.994],[0,0],[2.994,0],[0,0],[0,2.994]],"v":[[10.58,18],[-5.579,18],[-11,12.579],[-11,-12.579],[-5.579,-18],[10.58,-18],[16,-12.579],[16,12.579]],"c":true}]}],"ix":2},"nm":"Path 1","mn":"ADBE Vector Shape - Group","hd":false},{"ty":"fl","c":{"a":0,"k":[1,1,1,1],"ix":4},"o":{"a":0,"k":100,"ix":5},"r":1,"bm":0,"nm":"Fill 1","mn":"ADBE Vector Graphic - Fill","hd":false},{"ty":"tr","p":{"a":0,"k":[16.25,18.25],"ix":2},"a":{"a":0,"k":[0,0],"ix":1},"s":{"a":0,"k":[100,100],"ix":3},"r":{"a":0,"k":0,"ix":6},"o":{"a":0,"k":100,"ix":7},"sk":{"a":0,"k":0,"ix":4},"sa":{"a":0,"k":0,"ix":5},"nm":"Transform"}],"nm":"Group 1","np":2,"cix":2,"bm":0,"ix":1,"mn":"ADBE Vector Group","hd":false}],"ip":24,"op":121,"st":31,"bm":0},{"ddd":0,"ind":6,"ty":4,"nm":"leaderboard-step-L Outlines","sr":1,"ks":{"o":{"a":0,"k":100,"ix":11},"r":{"a":0,"k":0,"ix":10},"p":{"a":0,"k":[72.999,120,0],"ix":2},"a":{"a":0,"k":[16.25,14.25,0],"ix":1},"s":{"a":0,"k":[100,100,100],"ix":6}},"ao":0,"shapes":[{"ty":"gr","it":[{"ind":0,"ty":"sh","ix":1,"ks":{"a":1,"k":[{"i":{"x":0.083,"y":1},"o":{"x":0.191,"y":0},"t":18,"s":[{"i":[[2.994,0],[0,0],[0,2.994],[0,0],[-2.994,0],[0,0],[0,-2.994],[0,0]],"o":[[0,0],[-2.994,0],[0,0],[0,-2.994],[0,0],[2.994,0],[0,0],[0,2.994]],"v":[[5.58,14],[-10.579,14],[-16,8.579],[-16,7.671],[-10.579,2.25],[5.58,2.25],[11,7.671],[11,8.579]],"c":true}]},{"i":{"x":0.083,"y":1},"o":{"x":0.333,"y":0},"t":40,"s":[{"i":[[2.994,0],[0,0],[0,2.994],[0,0],[-2.994,0],[0,0],[0,-2.994],[0,0]],"o":[[0,0],[-2.994,0],[0,0],[0,-2.994],[0,0],[2.994,0],[0,0],[0,2.994]],"v":[[5.58,14],[-10.579,14],[-16,8.579],[-16,-8.579],[-10.579,-14],[5.58,-14],[11,-8.579],[11,8.579]],"c":true}]},{"i":{"x":0.833,"y":0.761},"o":{"x":0.333,"y":0},"t":60,"s":[{"i":[[2.994,0],[0,0],[0,2.994],[0,0],[-2.994,0],[0,0],[0,-2.994],[0,0]],"o":[[0,0],[-2.994,0],[0,0],[0,-2.994],[0,0],[2.994,0],[0,0],[0,2.994]],"v":[[5.58,14],[-10.579,14],[-16,8.579],[-16,-8.579],[-10.579,-14],[5.58,-14],[11,-8.579],[11,8.579]],"c":true}]},{"i":{"x":0.083,"y":1},"o":{"x":0.167,"y":0.239},"t":107,"s":[{"i":[[2.994,0],[0,0],[0,2.994],[0,0],[-2.994,0],[0,0],[0,-2.994],[0,0]],"o":[[0,0],[-2.994,0],[0,0],[0,-2.994],[0,0],[2.994,0],[0,0],[0,2.994]],"v":[[5.58,14],[-10.579,14],[-16,8.579],[-16,0.909],[-10.579,-4.512],[5.58,-4.512],[11,0.909],[11,8.579]],"c":true}]},{"t":119,"s":[{"i":[[2.994,0],[0,0],[0,2.994],[0,0],[-2.994,0],[0,0],[0,-2.994],[0,0]],"o":[[0,0],[-2.994,0],[0,0],[0,-2.994],[0,0],[2.994,0],[0,0],[0,2.994]],"v":[[5.58,14],[-10.579,14],[-16,8.579],[-16,-8.579],[-10.579,-14],[5.58,-14],[11,-8.579],[11,8.579]],"c":true}]}],"ix":2},"nm":"Path 1","mn":"ADBE Vector Shape - Group","hd":false},{"ty":"fl","c":{"a":0,"k":[1,1,1,1],"ix":4},"o":{"a":0,"k":100,"ix":5},"r":1,"bm":0,"nm":"Fill 1","mn":"ADBE Vector Graphic - Fill","hd":false},{"ty":"tr","p":{"a":0,"k":[16.25,14.25],"ix":2},"a":{"a":0,"k":[0,0],"ix":1},"s":{"a":0,"k":[100,100],"ix":3},"r":{"a":0,"k":0,"ix":6},"o":{"a":0,"k":100,"ix":7},"sk":{"a":0,"k":0,"ix":4},"sa":{"a":0,"k":0,"ix":5},"nm":"Transform"}],"nm":"Group 1","np":2,"cix":2,"bm":0,"ix":1,"mn":"ADBE Vector Group","hd":false}],"ip":18,"op":121,"st":24,"bm":0}],"markers":[]}