{"flutter":{"platforms":{"android":{"default":{"projectId":"church-app-f5af2","appId":"1:489723175985:android:44d2b0106de95a31cea110","fileOutput":"android/app/google-services.json"}},"dart":{"lib/firebase_options.dart":{"projectId":"church-app-f5af2","configurations":{"android":"1:489723175985:android:44d2b0106de95a31cea110","ios":"1:489723175985:ios:ed3b49845607410ecea110","macos":"1:489723175985:ios:ed3b49845607410ecea110","web":"1:489723175985:web:ab5b89d0b9cbff95cea110","windows":"1:489723175985:web:9abd0aee1efe45cacea110"}}}}}}